,orig path,orig slack,orig cycles,exp path,exp slack,exp cycles,delta slack,start point,end point,source clk,destination clock,delta classification
224,41730,0.0054,0,70663,0.0104,0,-0.005,c/module_4/unit/reg[23],d/path/segment/reg_97[27],a_clk,xclk,improved
402,41617,0.0033,0,73232,-0.0017,0,0.005,c/module_9/unit/reg[22],d/path/segment/reg_27[26],bclk,a_clk,degraded
15,92626,0.0034,0,75584,-0.0015,0,0.0049,c/module_7/unit/reg[26],d/path/segment/reg_88[9],xclk,bclk,degraded
207,77496,0.0033,0,55371,0.0082,0,-0.0049,c/module_6/unit/reg[5],d/path/segment/reg_64[6],a_clk,bclk,improved
534,65373,0.0096,0,42448,0.0145,0,-0.0049,c/module_6/unit/reg[16],d/path/segment/reg_70[0],xclk,bclk,improved
385,54202,0.0043,0,66999,-0.0006,0,0.0049,c/module_9/unit/reg[29],d/path/segment/reg_22[2],a_clk,a_clk,degraded
237,25920,0.0024,0,91133,0.0073,0,-0.0049,c/module_9/unit/reg[16],d/path/segment/reg_80[21],a_clk,bclk,improved
85,24327,0.0026,0,65611,-0.0022,0,0.0048,c/module_6/unit/reg[8],d/path/segment/reg_7[23],xclk,xclk,degraded
31,93395,0.0097,0,45084,0.0145,0,-0.0048,c/module_6/unit/reg[31],d/path/segment/reg_34[23],a_clk,xclk,improved
552,55065,0.0023,0,17479,0.0071,0,-0.0048,c/module_7/unit/reg[30],d/path/segment/reg_39[19],a_clk,xclk,improved
65,38588,0.0052,0,58476,0.01,0,-0.0048,c/module_5/unit/reg[7],d/path/segment/reg_15[8],a_clk,bclk,improved
273,22937,0.0013,0,57553,0.0061,0,-0.0048,c/module_3/unit/reg[8],d/path/segment/reg_17[7],a_clk,xclk,improved
101,13611,0.0074,0,49527,0.0121,0,-0.0047,c/module_5/unit/reg[21],d/path/segment/reg_5[11],bclk,a_clk,improved
177,78107,0.0032,0,90460,-0.0015,0,0.0047,c/module_4/unit/reg[9],d/path/segment/reg_85[16],a_clk,bclk,degraded
80,18511,0.0037,0,76204,-0.001,0,0.0047,c/module_1/unit/reg[1],d/path/segment/reg_75[31],xclk,a_clk,degraded
391,47496,0.0024,0,20115,-0.0023,0,0.0047,c/module_4/unit/reg[26],d/path/segment/reg_81[31],a_clk,a_clk,degraded
243,54640,0.0014,0,49723,0.0061,0,-0.0047,c/module_3/unit/reg[7],d/path/segment/reg_89[10],xclk,bclk,improved
418,53650,0.0084,0,19322,0.0131,0,-0.0047,c/module_3/unit/reg[23],d/path/segment/reg_26[26],a_clk,bclk,improved
216,73848,0.0018,0,50861,0.0064,0,-0.0046,c/module_6/unit/reg[23],d/path/segment/reg_7[16],a_clk,bclk,improved
269,53130,0.003,0,99934,-0.0016,0,0.0046,c/module_5/unit/reg[4],d/path/segment/reg_78[2],xclk,xclk,degraded
320,88683,0.0089,0,10908,0.0135,0,-0.0046,c/module_1/unit/reg[9],d/path/segment/reg_56[1],bclk,xclk,improved
115,75408,0.0039,0,41192,-0.0007,0,0.0046,c/module_2/unit/reg[23],d/path/segment/reg_21[23],xclk,bclk,degraded
494,42748,0.0035,0,26351,0.0081,0,-0.0046,c/module_3/unit/reg[6],d/path/segment/reg_37[17],xclk,a_clk,improved
308,84151,0.0021,0,47371,0.0067,0,-0.0046,c/module_9/unit/reg[26],d/path/segment/reg_44[16],bclk,a_clk,improved
554,55742,0.0022,0,63962,0.0068,0,-0.0046,c/module_2/unit/reg[29],d/path/segment/reg_3[19],xclk,xclk,improved
575,82405,0.0082,0,22639,0.0036,0,0.0046,c/module_10/unit/reg[4],d/path/segment/reg_19[28],xclk,xclk,degraded
37,61999,0.0074,0,90936,0.0119,0,-0.0045,c/module_10/unit/reg[27],d/path/segment/reg_50[15],xclk,a_clk,improved
566,96503,0.0051,0,51874,0.0006,0,0.0045,c/module_6/unit/reg[15],d/path/segment/reg_37[2],xclk,xclk,degraded
218,83349,0.0035,0,10908,-0.001,0,0.0045,c/module_7/unit/reg[1],d/path/segment/reg_94[7],a_clk,a_clk,degraded
107,25462,0.0045,0,96237,-0.0,0,0.0045,c/module_4/unit/reg[14],d/path/segment/reg_63[17],bclk,a_clk,degraded
427,67136,0.0095,0,93225,0.014,0,-0.0045,c/module_6/unit/reg[4],d/path/segment/reg_12[2],xclk,xclk,improved
398,72706,0.0067,0,11336,0.0022,0,0.0045,c/module_4/unit/reg[5],d/path/segment/reg_38[0],xclk,bclk,degraded
442,60199,0.0044,0,56441,-0.0001,0,0.0045,c/module_7/unit/reg[8],d/path/segment/reg_90[30],a_clk,a_clk,degraded
587,54732,0.0037,0,87949,-0.0008,0,0.0045,c/module_1/unit/reg[1],d/path/segment/reg_91[1],a_clk,bclk,degraded
458,18364,0.0085,0,45957,0.013,0,-0.0045,c/module_5/unit/reg[18],d/path/segment/reg_68[2],xclk,a_clk,improved
197,92260,0.0091,0,44631,0.0047,0,0.0044,c/module_7/unit/reg[14],d/path/segment/reg_30[23],bclk,bclk,degraded
500,71739,0.0024,0,47409,0.0068,0,-0.0044,c/module_7/unit/reg[5],d/path/segment/reg_49[28],a_clk,xclk,improved
195,34375,0.0093,0,73445,0.0049,0,0.0044,c/module_1/unit/reg[11],d/path/segment/reg_19[13],a_clk,xclk,degraded
331,42097,0.0035,0,34537,-0.0009,0,0.0044,c/module_9/unit/reg[27],d/path/segment/reg_38[14],bclk,xclk,degraded
232,75549,0.0047,0,16007,0.0003,0,0.0044,c/module_7/unit/reg[21],d/path/segment/reg_40[2],a_clk,a_clk,degraded
598,72128,0.0098,0,21357,0.0054,0,0.0044,c/module_6/unit/reg[20],d/path/segment/reg_81[13],bclk,a_clk,degraded
513,23911,0.0091,0,51936,0.0134,0,-0.0043,c/module_2/unit/reg[18],d/path/segment/reg_87[2],xclk,bclk,improved
379,60668,0.0043,0,78603,0.0,0,0.0043,c/module_4/unit/reg[25],d/path/segment/reg_55[23],xclk,xclk,degraded
267,85115,0.0062,0,16057,0.0105,0,-0.0043,c/module_5/unit/reg[6],d/path/segment/reg_84[29],a_clk,xclk,improved
16,46497,0.0074,0,37525,0.0031,0,0.0043,c/module_4/unit/reg[18],d/path/segment/reg_65[14],xclk,bclk,degraded
163,76085,0.0014,0,22875,-0.0028,0,0.0042,c/module_2/unit/reg[1],d/path/segment/reg_84[14],xclk,xclk,degraded
50,46288,0.0026,0,23282,0.0068,0,-0.0042,c/module_4/unit/reg[7],d/path/segment/reg_56[10],xclk,xclk,improved
42,49152,0.0074,0,44649,0.0032,0,0.0042,c/module_6/unit/reg[11],d/path/segment/reg_40[18],a_clk,bclk,degraded
285,77538,0.0017,0,43992,-0.0025,0,0.0042,c/module_6/unit/reg[11],d/path/segment/reg_18[8],xclk,bclk,degraded
265,27554,0.0062,0,38033,0.0104,0,-0.0042,c/module_3/unit/reg[12],d/path/segment/reg_89[19],a_clk,bclk,improved
322,81409,0.0049,0,12256,0.0091,0,-0.0042,c/module_4/unit/reg[18],d/path/segment/reg_72[8],bclk,a_clk,improved
551,79027,0.0042,0,25854,0.0,0,0.0042,c/module_4/unit/reg[7],d/path/segment/reg_66[11],bclk,xclk,degraded
511,14380,0.0083,0,86512,0.0041,0,0.0042,c/module_7/unit/reg[26],d/path/segment/reg_72[7],bclk,xclk,degraded
350,11024,0.0049,0,91949,0.0008,0,0.0041,c/module_10/unit/reg[1],d/path/segment/reg_96[26],a_clk,xclk,degraded
356,18550,0.0099,0,44450,0.0058,0,0.0041,c/module_6/unit/reg[21],d/path/segment/reg_20[20],bclk,xclk,degraded
33,10475,0.001,0,47231,-0.0031,0,0.0041,c/module_7/unit/reg[7],d/path/segment/reg_26[27],bclk,bclk,degraded
448,48660,0.0019,0,78941,0.006,0,-0.0041,c/module_1/unit/reg[6],d/path/segment/reg_27[20],bclk,bclk,improved
52,68863,0.0088,0,48868,0.0047,0,0.0041,c/module_2/unit/reg[12],d/path/segment/reg_32[11],bclk,bclk,degraded
185,96612,0.0043,0,44708,0.0002,0,0.0041,c/module_5/unit/reg[23],d/path/segment/reg_84[12],a_clk,xclk,degraded
589,77415,0.0085,0,76910,0.0126,0,-0.0041,c/module_1/unit/reg[23],d/path/segment/reg_77[30],a_clk,bclk,improved
251,46373,0.0062,0,90080,0.0102,0,-0.004,c/module_2/unit/reg[22],d/path/segment/reg_81[14],a_clk,a_clk,improved
131,20269,0.0078,0,83993,0.0038,0,0.004,c/module_1/unit/reg[19],d/path/segment/reg_26[17],bclk,bclk,degraded
425,72079,0.0048,0,29857,0.0008,0,0.004,c/module_6/unit/reg[1],d/path/segment/reg_90[21],bclk,bclk,degraded
146,95014,0.0065,0,47462,0.0026,0,0.0039,c/module_3/unit/reg[13],d/path/segment/reg_1[28],bclk,xclk,degraded
400,44550,0.0012,0,92961,-0.0027,0,0.0039,c/module_5/unit/reg[23],d/path/segment/reg_60[15],a_clk,bclk,degraded
132,76453,0.0035,0,69191,0.0074,0,-0.0039,c/module_1/unit/reg[13],d/path/segment/reg_47[12],bclk,bclk,improved
300,95830,0.0036,0,19634,0.0075,0,-0.0039,c/module_7/unit/reg[25],d/path/segment/reg_53[30],xclk,bclk,improved
54,36902,0.0021,0,95899,-0.0018,0,0.0039,c/module_7/unit/reg[3],d/path/segment/reg_95[18],bclk,bclk,degraded
295,46631,0.0081,0,26913,0.012,0,-0.0039,c/module_8/unit/reg[27],d/path/segment/reg_56[27],a_clk,a_clk,improved
474,32353,0.0093,0,70166,0.0131,0,-0.0038,c/module_9/unit/reg[27],d/path/segment/reg_27[8],a_clk,xclk,improved
6,72701,0.0061,0,34994,0.0023,0,0.0038,c/module_2/unit/reg[12],d/path/segment/reg_2[16],xclk,a_clk,degraded
257,11673,0.0051,0,17532,0.0013,0,0.0038,c/module_10/unit/reg[17],d/path/segment/reg_73[27],a_clk,xclk,degraded
241,92945,0.0039,0,38527,0.0077,0,-0.0038,c/module_8/unit/reg[29],d/path/segment/reg_1[7],a_clk,xclk,improved
577,88171,0.0035,0,21497,0.0073,0,-0.0038,c/module_1/unit/reg[27],d/path/segment/reg_6[13],bclk,xclk,improved
490,76379,0.0026,0,71710,-0.0012,0,0.0038,c/module_7/unit/reg[31],d/path/segment/reg_14[15],xclk,bclk,degraded
407,91315,0.0097,0,25827,0.0135,0,-0.0038,c/module_8/unit/reg[10],d/path/segment/reg_82[4],bclk,xclk,improved
505,52790,0.0047,0,26322,0.0085,0,-0.0038,c/module_10/unit/reg[26],d/path/segment/reg_81[6],bclk,bclk,improved
355,22483,0.0097,0,83318,0.0135,0,-0.0038,c/module_9/unit/reg[18],d/path/segment/reg_40[6],bclk,bclk,improved
558,68433,0.0091,0,20535,0.0053,0,0.0038,c/module_6/unit/reg[30],d/path/segment/reg_27[18],a_clk,xclk,degraded
68,12355,0.0053,0,44195,0.0016,0,0.0037,c/module_5/unit/reg[4],d/path/segment/reg_88[30],bclk,a_clk,degraded
517,50765,0.0034,0,22137,-0.0002,0,0.0036,c/module_6/unit/reg[22],d/path/segment/reg_46[2],xclk,bclk,degraded
351,25076,0.0085,0,11157,0.0121,0,-0.0036,c/module_9/unit/reg[0],d/path/segment/reg_21[8],xclk,xclk,improved
395,94949,0.0049,0,84776,0.0085,0,-0.0036,c/module_7/unit/reg[18],d/path/segment/reg_48[30],xclk,a_clk,improved
249,83060,0.0032,0,85933,-0.0004,0,0.0036,c/module_2/unit/reg[12],d/path/segment/reg_21[15],a_clk,xclk,degraded
591,55250,0.0055,0,59968,0.0019,0,0.0036,c/module_9/unit/reg[0],d/path/segment/reg_20[8],xclk,a_clk,degraded
129,56441,0.0077,0,13452,0.0042,0,0.0035,c/module_10/unit/reg[22],d/path/segment/reg_78[3],a_clk,xclk,degraded
135,95544,0.0044,0,43738,0.0009,0,0.0035,c/module_7/unit/reg[26],d/path/segment/reg_86[10],xclk,a_clk,degraded
55,54251,0.0092,0,52928,0.0058,0,0.0034,c/module_5/unit/reg[19],d/path/segment/reg_4[18],xclk,a_clk,degraded
584,18181,0.0065,0,54870,0.0031,0,0.0034,c/module_5/unit/reg[22],d/path/segment/reg_8[1],xclk,xclk,degraded
126,76129,0.0034,0,11737,0.0068,0,-0.0034,c/module_3/unit/reg[12],d/path/segment/reg_90[1],xclk,a_clk,improved
200,22859,0.0098,0,82930,0.0132,0,-0.0034,c/module_1/unit/reg[12],d/path/segment/reg_42[13],xclk,a_clk,improved
543,73113,0.0033,0,26751,-0.0001,0,0.0034,c/module_9/unit/reg[13],d/path/segment/reg_68[16],bclk,xclk,degraded
369,23696,0.0088,0,86980,0.0122,0,-0.0034,c/module_9/unit/reg[13],d/path/segment/reg_1[12],bclk,xclk,improved
325,82266,0.0083,0,37024,0.0117,0,-0.0034,c/module_3/unit/reg[9],d/path/segment/reg_5[10],a_clk,bclk,improved
515,54725,0.0054,0,16674,0.002,0,0.0034,c/module_9/unit/reg[4],d/path/segment/reg_36[26],a_clk,a_clk,degraded
161,65272,0.0064,0,83888,0.0031,0,0.0033,c/module_9/unit/reg[26],d/path/segment/reg_12[27],a_clk,xclk,degraded
118,86305,0.0049,0,14513,0.0016,0,0.0033,c/module_6/unit/reg[8],d/path/segment/reg_7[18],bclk,bclk,degraded
116,90446,0.0058,0,22672,0.0091,0,-0.0033,c/module_7/unit/reg[26],d/path/segment/reg_56[26],bclk,xclk,improved
401,47223,0.005,0,78550,0.0083,0,-0.0033,c/module_7/unit/reg[24],d/path/segment/reg_2[31],xclk,xclk,improved
520,93837,0.005,0,67186,0.0017,0,0.0033,c/module_10/unit/reg[8],d/path/segment/reg_97[15],xclk,a_clk,degraded
94,53985,0.0094,0,48760,0.0127,0,-0.0033,c/module_8/unit/reg[19],d/path/segment/reg_74[27],a_clk,bclk,improved
387,11001,0.0092,0,94676,0.0125,0,-0.0033,c/module_7/unit/reg[10],d/path/segment/reg_11[5],a_clk,xclk,improved
512,45117,0.0051,0,36767,0.0083,0,-0.0032,c/module_1/unit/reg[27],d/path/segment/reg_63[1],a_clk,bclk,improved
103,56635,0.0026,0,21442,0.0058,0,-0.0032,c/module_9/unit/reg[9],d/path/segment/reg_43[0],xclk,xclk,improved
138,95476,0.0018,0,21417,0.005,0,-0.0032,c/module_1/unit/reg[24],d/path/segment/reg_87[29],a_clk,bclk,improved
43,76649,0.0057,0,34703,0.0089,0,-0.0032,c/module_7/unit/reg[31],d/path/segment/reg_20[1],xclk,a_clk,improved
152,67957,0.0043,0,45346,0.0075,0,-0.0032,c/module_2/unit/reg[21],d/path/segment/reg_88[11],a_clk,bclk,improved
208,46818,0.0087,0,72535,0.0055,0,0.0032,c/module_8/unit/reg[10],d/path/segment/reg_51[15],bclk,a_clk,degraded
332,71925,0.0084,0,95209,0.0052,0,0.0032,c/module_9/unit/reg[19],d/path/segment/reg_62[0],bclk,bclk,degraded
541,59379,0.0098,0,36831,0.0066,0,0.0032,c/module_9/unit/reg[20],d/path/segment/reg_80[2],bclk,a_clk,degraded
235,76267,0.0061,0,14558,0.003,0,0.0031,c/module_1/unit/reg[3],d/path/segment/reg_88[31],bclk,xclk,degraded
86,63625,0.0051,0,46082,0.002,0,0.0031,c/module_7/unit/reg[28],d/path/segment/reg_27[4],a_clk,bclk,degraded
199,45565,0.0097,0,11901,0.0128,0,-0.0031,c/module_6/unit/reg[29],d/path/segment/reg_47[25],xclk,a_clk,improved
229,95167,0.0082,0,28526,0.0113,0,-0.0031,c/module_4/unit/reg[14],d/path/segment/reg_77[22],a_clk,bclk,improved
592,40158,0.0098,0,30656,0.0067,0,0.0031,c/module_6/unit/reg[24],d/path/segment/reg_90[24],xclk,bclk,degraded
406,77916,0.0051,0,41366,0.0021,0,0.003,c/module_7/unit/reg[11],d/path/segment/reg_48[13],bclk,xclk,degraded
206,13069,0.0019,0,84446,-0.0011,0,0.003,c/module_9/unit/reg[31],d/path/segment/reg_52[12],xclk,bclk,degraded
408,48895,0.0073,0,91567,0.0043,0,0.003,c/module_10/unit/reg[28],d/path/segment/reg_51[17],a_clk,a_clk,degraded
352,81543,0.0091,0,60379,0.0121,0,-0.003,c/module_8/unit/reg[26],d/path/segment/reg_51[26],bclk,bclk,improved
274,18968,0.0045,0,25808,0.0075,0,-0.003,c/module_4/unit/reg[5],d/path/segment/reg_68[6],xclk,bclk,improved
454,69358,0.0071,0,35019,0.01,0,-0.0029,c/module_10/unit/reg[11],d/path/segment/reg_54[25],bclk,bclk,improved
492,41100,0.0021,0,28169,0.005,0,-0.0029,c/module_8/unit/reg[1],d/path/segment/reg_75[2],xclk,xclk,improved
58,67795,0.0074,0,61315,0.0103,0,-0.0029,c/module_8/unit/reg[29],d/path/segment/reg_11[14],xclk,bclk,improved
463,97942,0.009,0,79325,0.0061,0,0.0029,c/module_4/unit/reg[17],d/path/segment/reg_32[31],bclk,bclk,degraded
110,76039,0.0088,0,35311,0.0059,0,0.0029,c/module_7/unit/reg[10],d/path/segment/reg_75[27],bclk,xclk,degraded
327,32651,0.0097,0,87994,0.0069,0,0.0028,c/module_3/unit/reg[4],d/path/segment/reg_58[3],a_clk,xclk,degraded
21,29243,0.003,0,50142,0.0002,0,0.0028,c/module_5/unit/reg[12],d/path/segment/reg_15[5],a_clk,a_clk,degraded
2,58993,0.009,0,51370,0.0118,0,-0.0028,c/module_5/unit/reg[28],d/path/segment/reg_45[2],a_clk,a_clk,improved
419,79031,0.0023,0,19878,-0.0005,0,0.0028,c/module_6/unit/reg[9],d/path/segment/reg_81[6],xclk,a_clk,degraded
141,30069,0.0028,0,10767,-0.0,0,0.0028,c/module_3/unit/reg[26],d/path/segment/reg_92[17],a_clk,xclk,degraded
413,13963,0.0081,0,34975,0.0109,0,-0.0028,c/module_1/unit/reg[4],d/path/segment/reg_46[26],a_clk,bclk,improved
79,19194,0.008,0,20706,0.0053,0,0.0027,c/module_2/unit/reg[15],d/path/segment/reg_96[30],xclk,a_clk,degraded
137,67687,0.006,0,71424,0.0033,0,0.0027,c/module_9/unit/reg[4],d/path/segment/reg_99[2],bclk,xclk,degraded
347,44177,0.0088,0,91386,0.0115,0,-0.0027,c/module_6/unit/reg[0],d/path/segment/reg_57[9],xclk,bclk,improved
523,50723,0.0053,0,97635,0.0026,0,0.0027,c/module_4/unit/reg[19],d/path/segment/reg_56[11],a_clk,xclk,degraded
426,84176,0.0086,0,25013,0.0059,0,0.0027,c/module_1/unit/reg[31],d/path/segment/reg_52[18],bclk,bclk,degraded
329,34274,0.0045,0,87168,0.0018,0,0.0027,c/module_6/unit/reg[13],d/path/segment/reg_72[10],a_clk,xclk,degraded
5,58216,0.0033,0,97137,0.006,0,-0.0027,c/module_9/unit/reg[19],d/path/segment/reg_80[13],a_clk,a_clk,improved
183,50840,0.0056,0,75296,0.003,0,0.0026,c/module_5/unit/reg[24],d/path/segment/reg_93[19],xclk,xclk,degraded
296,85767,0.0019,0,13764,0.0045,0,-0.0026,c/module_10/unit/reg[22],d/path/segment/reg_16[15],bclk,a_clk,improved
323,10562,0.0057,0,84850,0.0031,0,0.0026,c/module_9/unit/reg[31],d/path/segment/reg_55[7],xclk,a_clk,degraded
166,31827,0.0097,0,20243,0.0123,0,-0.0026,c/module_4/unit/reg[18],d/path/segment/reg_83[31],a_clk,bclk,improved
503,29377,0.0083,0,56483,0.0057,0,0.0026,c/module_7/unit/reg[8],d/path/segment/reg_33[18],bclk,bclk,degraded
219,70708,0.0015,0,93354,-0.0011,0,0.0026,c/module_7/unit/reg[10],d/path/segment/reg_18[31],xclk,bclk,degraded
358,49808,0.0043,0,24394,0.0068,0,-0.0025,c/module_4/unit/reg[31],d/path/segment/reg_89[21],bclk,a_clk,improved
353,91379,0.0096,0,51573,0.0071,0,0.0025,c/module_8/unit/reg[18],d/path/segment/reg_31[3],a_clk,a_clk,degraded
437,46542,0.0056,0,10948,0.0081,0,-0.0025,c/module_7/unit/reg[8],d/path/segment/reg_19[10],bclk,xclk,improved
432,96081,0.0075,0,27803,0.01,0,-0.0025,c/module_2/unit/reg[27],d/path/segment/reg_61[10],xclk,a_clk,improved
438,70940,0.0049,0,47657,0.0074,0,-0.0025,c/module_2/unit/reg[24],d/path/segment/reg_64[18],a_clk,bclk,improved
359,30199,0.0038,0,18030,0.0063,0,-0.0025,c/module_2/unit/reg[24],d/path/segment/reg_15[5],xclk,bclk,improved
248,14615,0.0081,0,27260,0.0057,0,0.0024,c/module_2/unit/reg[21],d/path/segment/reg_16[0],a_clk,bclk,degraded
540,80711,0.0087,0,62154,0.0063,0,0.0024,c/module_6/unit/reg[11],d/path/segment/reg_48[18],a_clk,a_clk,degraded
10,84943,0.0094,0,69186,0.0118,0,-0.0024,c/module_3/unit/reg[1],d/path/segment/reg_10[18],xclk,bclk,improved
545,61528,0.001,0,16345,-0.0014,0,0.0024,c/module_1/unit/reg[25],d/path/segment/reg_16[24],a_clk,a_clk,degraded
519,82429,0.0016,0,77979,0.0039,0,-0.0023,c/module_2/unit/reg[0],d/path/segment/reg_61[29],a_clk,bclk,improved
337,53106,0.0076,0,98635,0.0099,0,-0.0023,c/module_5/unit/reg[31],d/path/segment/reg_47[1],xclk,xclk,improved
287,42154,0.0097,0,52921,0.012,0,-0.0023,c/module_6/unit/reg[21],d/path/segment/reg_37[7],a_clk,a_clk,improved
14,28411,0.0082,0,69588,0.0105,0,-0.0023,c/module_7/unit/reg[10],d/path/segment/reg_94[31],bclk,a_clk,improved
114,80752,0.0077,0,74361,0.01,0,-0.0023,c/module_5/unit/reg[23],d/path/segment/reg_26[17],xclk,xclk,improved
73,91442,0.006,0,53495,0.0037,0,0.0023,c/module_8/unit/reg[2],d/path/segment/reg_89[31],bclk,a_clk,degraded
596,97334,0.0033,0,79964,0.0056,0,-0.0023,c/module_10/unit/reg[13],d/path/segment/reg_42[6],bclk,xclk,improved
214,36241,0.002,0,88642,0.0042,0,-0.0022,c/module_2/unit/reg[3],d/path/segment/reg_57[21],xclk,xclk,improved
291,69260,0.0016,0,16909,0.0038,0,-0.0022,c/module_3/unit/reg[27],d/path/segment/reg_68[15],a_clk,xclk,improved
168,24827,0.0023,0,89464,0.0001,0,0.0022,c/module_4/unit/reg[30],d/path/segment/reg_70[29],xclk,xclk,degraded
580,14983,0.0052,0,45288,0.0031,0,0.0021,c/module_8/unit/reg[24],d/path/segment/reg_4[22],bclk,a_clk,degraded
180,69831,0.0043,0,71144,0.0064,0,-0.0021,c/module_4/unit/reg[2],d/path/segment/reg_69[9],xclk,a_clk,improved
518,54818,0.0044,0,22399,0.0065,0,-0.0021,c/module_6/unit/reg[7],d/path/segment/reg_82[3],xclk,bclk,improved
23,90771,0.0061,0,63955,0.0082,0,-0.0021,c/module_2/unit/reg[29],d/path/segment/reg_33[17],xclk,bclk,improved
516,49559,0.0036,0,32621,0.0016,0,0.002,c/module_9/unit/reg[18],d/path/segment/reg_92[31],a_clk,a_clk,degraded
421,29212,0.0023,0,73289,0.0003,0,0.002,c/module_9/unit/reg[20],d/path/segment/reg_36[28],xclk,a_clk,degraded
392,99953,0.0073,0,35562,0.0053,0,0.002,c/module_7/unit/reg[16],d/path/segment/reg_80[16],a_clk,bclk,degraded
335,96030,0.0058,0,69008,0.0078,0,-0.002,c/module_9/unit/reg[1],d/path/segment/reg_42[10],a_clk,xclk,improved
266,33176,0.0073,0,32876,0.0093,0,-0.002,c/module_2/unit/reg[23],d/path/segment/reg_31[18],bclk,a_clk,improved
284,21875,0.0011,0,89062,0.0031,0,-0.002,c/module_6/unit/reg[23],d/path/segment/reg_97[25],a_clk,xclk,improved
190,44585,0.0047,0,77303,0.0027,0,0.002,c/module_7/unit/reg[7],d/path/segment/reg_29[27],a_clk,xclk,degraded
220,11914,0.0055,0,97801,0.0035,0,0.002,c/module_1/unit/reg[14],d/path/segment/reg_84[21],a_clk,a_clk,degraded
307,80210,0.0086,0,92151,0.0105,0,-0.0019,c/module_6/unit/reg[27],d/path/segment/reg_30[22],xclk,xclk,improved
20,36527,0.0013,0,62295,0.0032,0,-0.0019,c/module_8/unit/reg[14],d/path/segment/reg_5[10],xclk,xclk,improved
317,45252,0.0022,0,82159,0.0041,0,-0.0019,c/module_4/unit/reg[22],d/path/segment/reg_95[20],a_clk,a_clk,improved
150,16991,0.0049,0,79386,0.003,0,0.0019,c/module_8/unit/reg[7],d/path/segment/reg_65[12],a_clk,bclk,degraded
462,50886,0.003,0,61294,0.0011,0,0.0019,c/module_5/unit/reg[9],d/path/segment/reg_25[8],a_clk,a_clk,degraded
436,88500,0.0064,0,73887,0.0045,0,0.0019,c/module_3/unit/reg[10],d/path/segment/reg_0[13],bclk,bclk,degraded
389,40017,0.0066,0,85293,0.0085,0,-0.0019,c/module_5/unit/reg[28],d/path/segment/reg_12[27],xclk,bclk,improved
479,40852,0.0017,0,83797,0.0035,0,-0.0018,c/module_6/unit/reg[9],d/path/segment/reg_83[9],a_clk,xclk,improved
39,18748,0.0078,0,50674,0.006,0,0.0018,c/module_2/unit/reg[30],d/path/segment/reg_99[6],xclk,a_clk,degraded
223,16007,0.003,0,25984,0.0012,0,0.0018,c/module_4/unit/reg[0],d/path/segment/reg_23[29],bclk,bclk,degraded
484,46610,0.004,0,24948,0.0022,0,0.0018,c/module_4/unit/reg[3],d/path/segment/reg_43[12],bclk,xclk,degraded
100,81997,0.0064,0,54944,0.0046,0,0.0018,c/module_5/unit/reg[1],d/path/segment/reg_59[13],xclk,xclk,degraded
567,67711,0.0027,0,43821,0.0045,0,-0.0018,c/module_2/unit/reg[7],d/path/segment/reg_93[15],xclk,bclk,improved
480,14890,0.0034,0,90763,0.0051,0,-0.0017,c/module_4/unit/reg[10],d/path/segment/reg_29[11],bclk,xclk,improved
586,66437,0.0031,0,21894,0.0048,0,-0.0017,c/module_5/unit/reg[13],d/path/segment/reg_5[16],a_clk,a_clk,improved
231,49178,0.0061,0,43339,0.0044,0,0.0017,c/module_7/unit/reg[19],d/path/segment/reg_48[30],bclk,bclk,degraded
289,71594,0.0045,0,78821,0.0062,0,-0.0017,c/module_4/unit/reg[31],d/path/segment/reg_74[29],bclk,xclk,improved
553,45027,0.0054,0,15212,0.0037,0,0.0017,c/module_4/unit/reg[28],d/path/segment/reg_29[11],a_clk,xclk,degraded
57,20727,0.005,0,86087,0.0033,0,0.0017,c/module_2/unit/reg[21],d/path/segment/reg_85[10],bclk,bclk,degraded
594,55377,0.0083,0,59838,0.0066,0,0.0017,c/module_8/unit/reg[22],d/path/segment/reg_2[3],bclk,xclk,degraded
170,38595,0.0015,0,79314,0.0032,0,-0.0017,c/module_7/unit/reg[10],d/path/segment/reg_81[22],bclk,a_clk,improved
1,11346,0.0046,0,25273,0.0063,0,-0.0017,c/module_4/unit/reg[29],d/path/segment/reg_64[20],bclk,xclk,improved
34,16957,0.003,0,80375,0.0047,0,-0.0017,c/module_8/unit/reg[24],d/path/segment/reg_83[4],xclk,bclk,improved
537,58882,0.0053,0,93259,0.007,0,-0.0017,c/module_9/unit/reg[11],d/path/segment/reg_59[4],bclk,bclk,improved
176,74808,0.0068,0,74659,0.0084,0,-0.0016,c/module_1/unit/reg[19],d/path/segment/reg_1[6],a_clk,xclk,improved
191,91234,0.001,0,77484,0.0026,0,-0.0016,c/module_6/unit/reg[6],d/path/segment/reg_27[30],bclk,bclk,improved
489,13415,0.0087,0,84107,0.0103,0,-0.0016,c/module_8/unit/reg[18],d/path/segment/reg_93[18],xclk,bclk,improved
370,41287,0.0055,0,66645,0.0039,0,0.0016,c/module_6/unit/reg[14],d/path/segment/reg_47[3],a_clk,bclk,degraded
53,99182,0.0074,0,16737,0.0058,0,0.0016,c/module_5/unit/reg[10],d/path/segment/reg_70[13],xclk,xclk,degraded
532,25947,0.0033,0,42371,0.0048,0,-0.0015,c/module_2/unit/reg[27],d/path/segment/reg_69[19],a_clk,xclk,improved
203,48087,0.0067,0,92532,0.0052,0,0.0015,c/module_5/unit/reg[31],d/path/segment/reg_51[27],a_clk,bclk,degraded
187,69299,0.0075,0,61451,0.009,0,-0.0015,c/module_10/unit/reg[16],d/path/segment/reg_78[13],bclk,xclk,improved
36,50891,0.0059,0,22854,0.0074,0,-0.0015,c/module_7/unit/reg[18],d/path/segment/reg_4[25],a_clk,xclk,improved
423,57619,0.0034,0,19912,0.0019,0,0.0015,c/module_4/unit/reg[4],d/path/segment/reg_82[13],bclk,xclk,degraded
521,68785,0.0027,0,13073,0.0042,0,-0.0015,c/module_7/unit/reg[22],d/path/segment/reg_27[5],a_clk,bclk,improved
469,63207,0.002,0,82906,0.0035,0,-0.0015,c/module_4/unit/reg[9],d/path/segment/reg_22[23],a_clk,xclk,improved
29,39194,0.0053,0,13889,0.0067,0,-0.0014,c/module_7/unit/reg[24],d/path/segment/reg_1[29],xclk,bclk,improved
158,83532,0.008,0,51955,0.0094,0,-0.0014,c/module_10/unit/reg[22],d/path/segment/reg_29[11],bclk,bclk,improved
102,33597,0.004,0,40863,0.0054,0,-0.0014,c/module_4/unit/reg[13],d/path/segment/reg_48[31],bclk,xclk,improved
412,67568,0.0049,0,25997,0.0035,0,0.0014,c/module_7/unit/reg[24],d/path/segment/reg_17[27],bclk,bclk,degraded
394,39787,0.0088,0,74066,0.0074,0,0.0014,c/module_1/unit/reg[3],d/path/segment/reg_2[11],bclk,bclk,degraded
533,97268,0.0035,0,54803,0.0021,0,0.0014,c/module_8/unit/reg[1],d/path/segment/reg_76[13],a_clk,a_clk,degraded
434,25723,0.0083,0,46552,0.0069,0,0.0014,c/module_5/unit/reg[23],d/path/segment/reg_86[26],xclk,xclk,degraded
477,10767,0.0032,0,33236,0.0046,0,-0.0014,c/module_5/unit/reg[18],d/path/segment/reg_89[9],a_clk,xclk,improved
383,41268,0.0029,0,18909,0.0016,0,0.0013,c/module_6/unit/reg[15],d/path/segment/reg_32[1],bclk,bclk,degraded
99,82211,0.009,0,12570,0.0077,0,0.0013,c/module_4/unit/reg[29],d/path/segment/reg_18[8],bclk,a_clk,degraded
121,57157,0.0042,0,59659,0.0055,0,-0.0013,c/module_1/unit/reg[6],d/path/segment/reg_74[22],bclk,bclk,improved
588,13096,0.0067,0,53813,0.0054,0,0.0013,c/module_7/unit/reg[16],d/path/segment/reg_57[17],a_clk,bclk,degraded
330,77657,0.0039,0,47663,0.0026,0,0.0013,c/module_5/unit/reg[10],d/path/segment/reg_70[10],xclk,bclk,degraded
261,27785,0.004,0,68695,0.0053,0,-0.0013,c/module_8/unit/reg[8],d/path/segment/reg_14[15],xclk,xclk,improved
119,77603,0.0095,0,30627,0.0082,0,0.0013,c/module_4/unit/reg[7],d/path/segment/reg_9[13],bclk,a_clk,degraded
568,53267,0.0085,0,64335,0.0097,0,-0.0012,c/module_2/unit/reg[20],d/path/segment/reg_43[0],bclk,xclk,improved
397,49308,0.0029,0,86865,0.0017,0,0.0012,c/module_2/unit/reg[23],d/path/segment/reg_30[10],a_clk,bclk,degraded
49,41579,0.0044,0,84947,0.0056,0,-0.0012,c/module_4/unit/reg[8],d/path/segment/reg_17[18],xclk,bclk,improved
7,89844,0.0062,0,57708,0.005,0,0.0012,c/module_10/unit/reg[21],d/path/segment/reg_90[21],bclk,bclk,degraded
528,28675,0.0018,0,54581,0.003,0,-0.0012,c/module_3/unit/reg[9],d/path/segment/reg_49[8],bclk,xclk,improved
450,42522,0.0025,0,91038,0.0037,0,-0.0012,c/module_8/unit/reg[18],d/path/segment/reg_7[3],bclk,a_clk,improved
210,98796,0.0052,0,34076,0.0064,0,-0.0012,c/module_3/unit/reg[30],d/path/segment/reg_67[19],bclk,xclk,improved
253,72214,0.003,0,92453,0.0019,0,0.0011,c/module_10/unit/reg[11],d/path/segment/reg_11[22],a_clk,xclk,degraded
41,79753,0.0093,0,66809,0.0082,0,0.0011,c/module_2/unit/reg[6],d/path/segment/reg_26[23],xclk,bclk,degraded
569,26892,0.0028,0,52113,0.0017,0,0.0011,c/module_1/unit/reg[22],d/path/segment/reg_35[13],xclk,bclk,degraded
410,48319,0.0012,0,97033,0.0023,0,-0.0011,c/module_2/unit/reg[8],d/path/segment/reg_89[17],bclk,a_clk,improved
493,29502,0.0035,0,40044,0.0046,0,-0.0011,c/module_9/unit/reg[18],d/path/segment/reg_66[27],a_clk,a_clk,improved
125,10959,0.0036,0,17035,0.0046,0,-0.001,c/module_10/unit/reg[29],d/path/segment/reg_52[3],a_clk,xclk,improved
414,34568,0.0027,0,19927,0.0027,0,0.0,c/module_1/unit/reg[21],d/path/segment/reg_78[23],a_clk,bclk,no change
381,44152,0.0041,0,64506,0.0041,0,0.0,c/module_6/unit/reg[0],d/path/segment/reg_43[29],a_clk,bclk,no change
415,42955,0.0076,0,55774,0.0076,0,0.0,c/module_1/unit/reg[25],d/path/segment/reg_35[24],bclk,xclk,no change
382,62821,0.0022,0,34159,0.0022,0,0.0,c/module_2/unit/reg[4],d/path/segment/reg_37[11],a_clk,bclk,no change
396,85768,0.0039,0,16141,0.0039,0,0.0,c/module_8/unit/reg[20],d/path/segment/reg_38[15],xclk,a_clk,no change
393,16690,0.0097,0,90709,0.0097,0,0.0,c/module_1/unit/reg[0],d/path/segment/reg_95[19],xclk,xclk,no change
435,39465,0.0068,0,88273,0.0068,0,0.0,c/module_2/unit/reg[22],d/path/segment/reg_98[25],bclk,a_clk,no change
380,75635,0.0051,0,78987,0.0051,0,0.0,c/module_3/unit/reg[13],d/path/segment/reg_35[21],a_clk,xclk,no change
416,37301,0.0067,0,28905,0.0067,0,0.0,c/module_3/unit/reg[7],d/path/segment/reg_85[2],a_clk,xclk,no change
417,66516,0.0021,0,50019,0.0021,0,0.0,c/module_3/unit/reg[0],d/path/segment/reg_29[15],xclk,xclk,no change
433,54111,0.0084,0,37679,0.0084,0,0.0,c/module_3/unit/reg[23],d/path/segment/reg_9[27],bclk,bclk,no change
411,87610,0.0064,0,37444,0.0064,0,0.0,c/module_2/unit/reg[9],d/path/segment/reg_31[12],xclk,xclk,no change
431,98964,0.0039,0,75141,0.0039,0,0.0,c/module_6/unit/reg[8],d/path/segment/reg_61[11],bclk,a_clk,no change
409,45511,0.0078,0,20505,0.0078,0,0.0,c/module_2/unit/reg[17],d/path/segment/reg_42[28],a_clk,a_clk,no change
430,19135,0.0013,0,99596,0.0013,0,0.0,c/module_10/unit/reg[12],d/path/segment/reg_39[27],bclk,bclk,no change
386,69923,0.0021,0,87167,0.0021,0,0.0,c/module_4/unit/reg[3],d/path/segment/reg_9[18],bclk,xclk,no change
384,11484,0.0078,0,86969,0.0078,0,0.0,c/module_7/unit/reg[21],d/path/segment/reg_53[22],bclk,a_clk,no change
399,19675,0.0048,0,78434,0.0048,0,0.0,c/module_7/unit/reg[23],d/path/segment/reg_31[20],a_clk,xclk,no change
424,85083,0.0019,0,42500,0.0019,0,0.0,c/module_10/unit/reg[20],d/path/segment/reg_55[17],bclk,bclk,no change
388,42926,0.0076,0,46384,0.0076,0,0.0,c/module_4/unit/reg[21],d/path/segment/reg_73[13],bclk,a_clk,no change
422,10681,0.0089,0,74950,0.0089,0,0.0,c/module_4/unit/reg[12],d/path/segment/reg_66[4],a_clk,xclk,no change
376,85877,0.0039,0,99340,0.0039,0,0.0,c/module_1/unit/reg[0],d/path/segment/reg_38[18],xclk,a_clk,no change
390,66906,0.0035,0,80179,0.0035,0,0.0,c/module_2/unit/reg[24],d/path/segment/reg_78[25],bclk,xclk,no change
375,13122,0.0066,0,68269,0.0066,0,0.0,c/module_7/unit/reg[12],d/path/segment/reg_9[22],xclk,a_clk,no change
377,22139,0.0028,0,61820,0.0028,0,0.0,c/module_10/unit/reg[28],d/path/segment/reg_55[18],bclk,a_clk,no change
405,94559,0.0095,0,98407,0.0095,0,0.0,c/module_3/unit/reg[0],d/path/segment/reg_50[28],bclk,xclk,no change
403,12637,0.0071,0,86832,0.0071,0,0.0,c/module_4/unit/reg[19],d/path/segment/reg_48[28],bclk,bclk,no change
404,45036,0.0011,0,14348,0.0011,0,0.0,c/module_8/unit/reg[11],d/path/segment/reg_57[3],a_clk,bclk,no change
374,65810,0.0095,0,75641,0.0095,0,0.0,c/module_3/unit/reg[1],d/path/segment/reg_93[28],a_clk,a_clk,no change
428,13010,0.0081,0,65058,0.0081,0,0.0,c/module_5/unit/reg[3],d/path/segment/reg_63[21],bclk,a_clk,no change
378,22289,0.0042,0,74287,0.0042,0,0.0,c/module_9/unit/reg[8],d/path/segment/reg_98[8],bclk,bclk,no change
420,50375,0.0091,0,58604,0.0091,0,0.0,c/module_7/unit/reg[30],d/path/segment/reg_41[19],xclk,bclk,no change
429,60669,0.0061,0,44841,0.0061,0,0.0,c/module_2/unit/reg[5],d/path/segment/reg_62[6],a_clk,bclk,no change
487,44659,0.0037,0,91560,0.0037,0,0.0,c/module_2/unit/reg[17],d/path/segment/reg_58[1],xclk,a_clk,no change
439,25023,0.0031,0,70386,0.0031,0,0.0,c/module_9/unit/reg[16],d/path/segment/reg_44[6],xclk,a_clk,no change
557,28543,0.0081,0,57928,0.0081,0,0.0,c/module_8/unit/reg[17],d/path/segment/reg_16[25],bclk,xclk,no change
555,89512,0.0044,0,33188,0.0044,0,0.0,c/module_9/unit/reg[31],d/path/segment/reg_98[23],xclk,a_clk,no change
550,53502,0.0011,0,57685,0.0011,0,0.0,c/module_10/unit/reg[29],d/path/segment/reg_86[19],xclk,a_clk,no change
549,24884,0.0044,0,84933,0.0044,0,0.0,c/module_9/unit/reg[25],d/path/segment/reg_40[29],a_clk,a_clk,no change
548,42607,0.0013,0,62020,0.0013,0,0.0,c/module_1/unit/reg[12],d/path/segment/reg_22[31],a_clk,bclk,no change
547,49217,0.0056,0,25445,0.0056,0,0.0,c/module_8/unit/reg[20],d/path/segment/reg_26[13],a_clk,a_clk,no change
546,36957,0.0066,0,74582,0.0066,0,0.0,c/module_5/unit/reg[2],d/path/segment/reg_33[26],xclk,xclk,no change
544,50243,0.0068,0,13612,0.0068,0,0.0,c/module_4/unit/reg[0],d/path/segment/reg_2[2],bclk,a_clk,no change
542,70876,0.0028,0,86681,0.0028,0,0.0,c/module_3/unit/reg[12],d/path/segment/reg_63[8],xclk,a_clk,no change
539,77942,0.0074,0,57220,0.0074,0,0.0,c/module_4/unit/reg[12],d/path/segment/reg_88[6],a_clk,bclk,no change
538,31836,0.0098,0,11707,0.0098,0,0.0,c/module_3/unit/reg[11],d/path/segment/reg_60[30],xclk,xclk,no change
536,64073,0.0017,0,15389,0.0017,0,0.0,c/module_9/unit/reg[14],d/path/segment/reg_53[8],bclk,xclk,no change
535,44716,0.0042,0,78283,0.0042,0,0.0,c/module_3/unit/reg[3],d/path/segment/reg_93[1],xclk,bclk,no change
531,79210,0.0047,0,56375,0.0047,0,0.0,c/module_3/unit/reg[5],d/path/segment/reg_17[23],bclk,xclk,no change
530,50583,0.0062,0,24840,0.0062,0,0.0,c/module_10/unit/reg[2],d/path/segment/reg_22[11],bclk,bclk,no change
529,74774,0.0068,0,77302,0.0068,0,0.0,c/module_1/unit/reg[2],d/path/segment/reg_38[9],a_clk,a_clk,no change
527,88168,0.0091,0,58872,0.0091,0,0.0,c/module_1/unit/reg[11],d/path/segment/reg_39[9],xclk,xclk,no change
526,86865,0.0041,0,94313,0.0041,0,0.0,c/module_8/unit/reg[2],d/path/segment/reg_32[7],xclk,xclk,no change
525,42123,0.009,0,74717,0.009,0,0.0,c/module_4/unit/reg[22],d/path/segment/reg_89[8],bclk,xclk,no change
524,54275,0.0097,0,69247,0.0097,0,0.0,c/module_1/unit/reg[6],d/path/segment/reg_99[29],xclk,bclk,no change
522,73327,0.0087,0,92564,0.0087,0,0.0,c/module_3/unit/reg[28],d/path/segment/reg_24[7],a_clk,bclk,no change
514,87592,0.0053,0,35257,0.0053,0,0.0,c/module_5/unit/reg[18],d/path/segment/reg_85[6],xclk,bclk,no change
556,46752,0.002,0,42252,0.002,0,0.0,c/module_1/unit/reg[23],d/path/segment/reg_77[6],a_clk,bclk,no change
559,81700,0.0059,0,92987,0.0059,0,0.0,c/module_7/unit/reg[19],d/path/segment/reg_99[7],bclk,a_clk,no change
440,14227,0.0033,0,46052,0.0033,0,0.0,c/module_6/unit/reg[26],d/path/segment/reg_32[0],xclk,bclk,no change
560,35044,0.0042,0,85543,0.0042,0,0.0,c/module_7/unit/reg[1],d/path/segment/reg_9[29],xclk,bclk,no change
597,33466,0.0042,0,28628,0.0042,0,0.0,c/module_10/unit/reg[17],d/path/segment/reg_56[14],bclk,a_clk,no change
595,58109,0.0047,0,69952,0.0047,0,0.0,c/module_1/unit/reg[23],d/path/segment/reg_88[11],a_clk,xclk,no change
593,95816,0.0083,0,91684,0.0083,0,0.0,c/module_2/unit/reg[21],d/path/segment/reg_7[30],xclk,a_clk,no change
590,90109,0.0051,0,70584,0.0051,0,0.0,c/module_1/unit/reg[28],d/path/segment/reg_4[30],bclk,a_clk,no change
585,59622,0.0099,0,87836,0.0099,0,0.0,c/module_3/unit/reg[21],d/path/segment/reg_89[25],bclk,xclk,no change
583,64546,0.0091,0,38049,0.0091,0,0.0,c/module_8/unit/reg[19],d/path/segment/reg_39[11],bclk,bclk,no change
582,15943,0.0094,0,41858,0.0094,0,0.0,c/module_6/unit/reg[31],d/path/segment/reg_20[9],bclk,a_clk,no change
581,31327,0.002,0,26495,0.002,0,0.0,c/module_8/unit/reg[10],d/path/segment/reg_56[1],xclk,xclk,no change
579,56358,0.0044,0,99419,0.0044,0,0.0,c/module_9/unit/reg[6],d/path/segment/reg_29[21],xclk,xclk,no change
578,26221,0.0014,0,69422,0.0014,0,0.0,c/module_4/unit/reg[28],d/path/segment/reg_59[11],bclk,xclk,no change
576,10668,0.0038,0,86708,0.0038,0,0.0,c/module_1/unit/reg[1],d/path/segment/reg_31[4],bclk,xclk,no change
574,27796,0.0077,0,98348,0.0077,0,0.0,c/module_4/unit/reg[14],d/path/segment/reg_43[5],bclk,bclk,no change
573,91298,0.0014,0,22745,0.0014,0,0.0,c/module_9/unit/reg[2],d/path/segment/reg_47[19],bclk,xclk,no change
572,21323,0.0048,0,80600,0.0048,0,0.0,c/module_1/unit/reg[22],d/path/segment/reg_85[15],a_clk,a_clk,no change
571,46977,0.004,0,83351,0.004,0,0.0,c/module_7/unit/reg[16],d/path/segment/reg_70[25],a_clk,bclk,no change
570,18985,0.0097,0,59283,0.0097,0,0.0,c/module_7/unit/reg[8],d/path/segment/reg_96[13],a_clk,xclk,no change
565,44115,0.0077,0,75349,0.0077,0,0.0,c/module_1/unit/reg[2],d/path/segment/reg_9[28],xclk,a_clk,no change
564,83070,0.0086,0,38370,0.0086,0,0.0,c/module_3/unit/reg[12],d/path/segment/reg_13[14],bclk,a_clk,no change
563,64783,0.0054,0,20916,0.0054,0,0.0,c/module_10/unit/reg[22],d/path/segment/reg_62[0],xclk,xclk,no change
562,36715,0.006,0,49392,0.006,0,0.0,c/module_5/unit/reg[14],d/path/segment/reg_31[17],a_clk,bclk,no change
561,94122,0.0084,0,46191,0.0084,0,0.0,c/module_5/unit/reg[15],d/path/segment/reg_26[18],bclk,a_clk,no change
510,70018,0.0086,0,79721,0.0086,0,0.0,c/module_7/unit/reg[22],d/path/segment/reg_29[27],xclk,a_clk,no change
509,64950,0.0016,0,98286,0.0016,0,0.0,c/module_8/unit/reg[12],d/path/segment/reg_94[21],xclk,xclk,no change
508,91868,0.009,0,36083,0.009,0,0.0,c/module_1/unit/reg[27],d/path/segment/reg_69[18],bclk,xclk,no change
507,48803,0.0044,0,37782,0.0044,0,0.0,c/module_2/unit/reg[30],d/path/segment/reg_43[31],a_clk,bclk,no change
468,55718,0.0052,0,47419,0.0052,0,0.0,c/module_3/unit/reg[15],d/path/segment/reg_60[4],a_clk,xclk,no change
467,38902,0.0093,0,42027,0.0093,0,0.0,c/module_2/unit/reg[3],d/path/segment/reg_55[30],xclk,a_clk,no change
466,93062,0.0013,0,43040,0.0013,0,0.0,c/module_2/unit/reg[30],d/path/segment/reg_19[3],a_clk,a_clk,no change
465,34669,0.0066,0,15892,0.0066,0,0.0,c/module_5/unit/reg[0],d/path/segment/reg_82[24],bclk,xclk,no change
464,94064,0.0083,0,20559,0.0083,0,0.0,c/module_4/unit/reg[2],d/path/segment/reg_64[14],xclk,bclk,no change
461,16214,0.0015,0,24592,0.0015,0,0.0,c/module_10/unit/reg[18],d/path/segment/reg_19[9],bclk,xclk,no change
460,80236,0.0063,0,29207,0.0063,0,0.0,c/module_2/unit/reg[26],d/path/segment/reg_66[6],a_clk,xclk,no change
459,34391,0.0074,0,58640,0.0074,0,0.0,c/module_2/unit/reg[14],d/path/segment/reg_89[16],xclk,a_clk,no change
457,32424,0.0069,0,43531,0.0069,0,0.0,c/module_5/unit/reg[30],d/path/segment/reg_83[25],xclk,bclk,no change
456,58371,0.0055,0,83274,0.0055,0,0.0,c/module_4/unit/reg[18],d/path/segment/reg_29[2],xclk,bclk,no change
455,17118,0.0091,0,91286,0.0091,0,0.0,c/module_1/unit/reg[9],d/path/segment/reg_40[31],a_clk,a_clk,no change
453,78354,0.005,0,59961,0.005,0,0.0,c/module_9/unit/reg[30],d/path/segment/reg_74[2],a_clk,xclk,no change
452,17043,0.0065,0,50466,0.0065,0,0.0,c/module_5/unit/reg[19],d/path/segment/reg_33[9],a_clk,a_clk,no change
451,99182,0.0054,0,45614,0.0054,0,0.0,c/module_4/unit/reg[4],d/path/segment/reg_84[21],bclk,xclk,no change
449,41783,0.0036,0,13733,0.0036,0,0.0,c/module_2/unit/reg[1],d/path/segment/reg_48[1],xclk,a_clk,no change
447,74265,0.0017,0,40276,0.0017,0,0.0,c/module_8/unit/reg[5],d/path/segment/reg_46[13],a_clk,a_clk,no change
446,64000,0.0085,0,37907,0.0085,0,0.0,c/module_2/unit/reg[14],d/path/segment/reg_83[27],xclk,a_clk,no change
445,21865,0.009,0,82344,0.009,0,0.0,c/module_9/unit/reg[21],d/path/segment/reg_63[28],xclk,a_clk,no change
444,66082,0.0048,0,83322,0.0048,0,0.0,c/module_7/unit/reg[18],d/path/segment/reg_83[12],xclk,xclk,no change
443,22148,0.0015,0,96873,0.0015,0,0.0,c/module_1/unit/reg[17],d/path/segment/reg_70[20],xclk,xclk,no change
441,33244,0.003,0,85373,0.003,0,0.0,c/module_3/unit/reg[5],d/path/segment/reg_17[29],bclk,bclk,no change
470,35395,0.007,0,21414,0.007,0,0.0,c/module_5/unit/reg[0],d/path/segment/reg_64[28],a_clk,xclk,no change
471,65243,0.0052,0,18332,0.0052,0,0.0,c/module_9/unit/reg[11],d/path/segment/reg_88[15],xclk,xclk,no change
472,55268,0.0071,0,36930,0.0071,0,0.0,c/module_7/unit/reg[8],d/path/segment/reg_72[14],xclk,a_clk,no change
491,25002,0.0043,0,85533,0.0043,0,0.0,c/module_5/unit/reg[22],d/path/segment/reg_87[1],xclk,bclk,no change
506,20210,0.0038,0,14848,0.0038,0,0.0,c/module_9/unit/reg[3],d/path/segment/reg_95[13],xclk,xclk,no change
504,60152,0.0077,0,36751,0.0077,0,0.0,c/module_8/unit/reg[28],d/path/segment/reg_4[12],xclk,xclk,no change
502,98457,0.0093,0,36063,0.0093,0,0.0,c/module_8/unit/reg[4],d/path/segment/reg_58[8],a_clk,a_clk,no change
501,34747,0.0034,0,77400,0.0034,0,0.0,c/module_3/unit/reg[13],d/path/segment/reg_44[25],a_clk,bclk,no change
499,71753,0.007,0,46237,0.007,0,0.0,c/module_2/unit/reg[8],d/path/segment/reg_57[2],xclk,a_clk,no change
498,39304,0.0085,0,58765,0.0085,0,0.0,c/module_2/unit/reg[13],d/path/segment/reg_90[20],a_clk,bclk,no change
497,21253,0.0061,0,61229,0.0061,0,0.0,c/module_10/unit/reg[22],d/path/segment/reg_19[28],a_clk,a_clk,no change
496,79305,0.0031,0,50174,0.0031,0,0.0,c/module_10/unit/reg[18],d/path/segment/reg_11[19],bclk,a_clk,no change
495,41759,0.0082,0,55201,0.0082,0,0.0,c/module_7/unit/reg[9],d/path/segment/reg_75[12],bclk,bclk,no change
488,43588,0.0059,0,26723,0.0059,0,0.0,c/module_2/unit/reg[31],d/path/segment/reg_89[24],bclk,xclk,no change
473,11885,0.007,0,66347,0.007,0,0.0,c/module_2/unit/reg[2],d/path/segment/reg_66[13],a_clk,xclk,no change
372,65059,0.0097,0,98085,0.0097,0,0.0,c/module_9/unit/reg[30],d/path/segment/reg_57[15],xclk,bclk,no change
486,46760,0.0027,0,46411,0.0027,0,0.0,c/module_6/unit/reg[17],d/path/segment/reg_2[4],xclk,bclk,no change
485,98047,0.0035,0,27933,0.0035,0,0.0,c/module_2/unit/reg[13],d/path/segment/reg_82[14],bclk,a_clk,no change
483,98542,0.0039,0,40057,0.0039,0,0.0,c/module_6/unit/reg[14],d/path/segment/reg_26[10],a_clk,a_clk,no change
482,53021,0.0099,0,26571,0.0099,0,0.0,c/module_4/unit/reg[22],d/path/segment/reg_15[21],bclk,a_clk,no change
481,51029,0.0026,0,87153,0.0026,0,0.0,c/module_3/unit/reg[21],d/path/segment/reg_35[24],a_clk,bclk,no change
478,15804,0.0048,0,20601,0.0048,0,0.0,c/module_10/unit/reg[4],d/path/segment/reg_90[30],bclk,bclk,no change
476,84692,0.0068,0,79028,0.0068,0,0.0,c/module_2/unit/reg[11],d/path/segment/reg_90[30],xclk,bclk,no change
475,20177,0.0087,0,89453,0.0087,0,0.0,c/module_7/unit/reg[1],d/path/segment/reg_17[19],bclk,xclk,no change
373,77349,0.0041,0,77306,0.0041,0,0.0,c/module_2/unit/reg[20],d/path/segment/reg_92[12],a_clk,bclk,no change
0,27321,0.0044,0,93522,0.0044,0,0.0,c/module_4/unit/reg[17],d/path/segment/reg_63[6],xclk,a_clk,no change
371,55787,0.0021,0,67504,0.0021,0,0.0,c/module_8/unit/reg[16],d/path/segment/reg_10[26],xclk,a_clk,no change
93,23534,0.0093,0,92895,0.0093,0,0.0,c/module_6/unit/reg[8],d/path/segment/reg_61[27],bclk,xclk,no change
142,54384,0.0016,0,53934,0.0016,0,0.0,c/module_3/unit/reg[24],d/path/segment/reg_61[17],xclk,bclk,no change
140,48096,0.0062,0,81982,0.0062,0,0.0,c/module_2/unit/reg[30],d/path/segment/reg_43[22],a_clk,xclk,no change
139,94643,0.0051,0,94670,0.0051,0,0.0,c/module_7/unit/reg[5],d/path/segment/reg_80[1],a_clk,bclk,no change
136,33436,0.0036,0,62055,0.0036,0,0.0,c/module_8/unit/reg[29],d/path/segment/reg_41[5],bclk,a_clk,no change
134,24484,0.0065,0,77561,0.0065,0,0.0,c/module_10/unit/reg[28],d/path/segment/reg_16[13],xclk,a_clk,no change
133,68757,0.0091,0,69337,0.0091,0,0.0,c/module_2/unit/reg[18],d/path/segment/reg_46[16],a_clk,a_clk,no change
130,39429,0.0054,0,78523,0.0054,0,0.0,c/module_3/unit/reg[20],d/path/segment/reg_77[30],xclk,a_clk,no change
128,86338,0.006,0,98107,0.006,0,0.0,c/module_2/unit/reg[23],d/path/segment/reg_6[29],a_clk,xclk,no change
127,62059,0.0032,0,63467,0.0032,0,0.0,c/module_8/unit/reg[19],d/path/segment/reg_7[15],a_clk,a_clk,no change
124,54866,0.0011,0,15550,0.0011,0,0.0,c/module_2/unit/reg[15],d/path/segment/reg_70[27],bclk,a_clk,no change
123,90226,0.0034,0,87966,0.0034,0,0.0,c/module_2/unit/reg[12],d/path/segment/reg_8[19],a_clk,a_clk,no change
122,50273,0.0068,0,21498,0.0068,0,0.0,c/module_6/unit/reg[28],d/path/segment/reg_46[23],xclk,xclk,no change
120,82567,0.0098,0,87478,0.0098,0,0.0,c/module_7/unit/reg[8],d/path/segment/reg_87[20],a_clk,bclk,no change
117,55634,0.0086,0,91031,0.0086,0,0.0,c/module_7/unit/reg[1],d/path/segment/reg_57[13],bclk,a_clk,no change
113,23502,0.0049,0,96043,0.0049,0,0.0,c/module_4/unit/reg[3],d/path/segment/reg_97[4],xclk,a_clk,no change
112,33705,0.0046,0,65383,0.0046,0,0.0,c/module_3/unit/reg[25],d/path/segment/reg_99[27],xclk,a_clk,no change
111,26387,0.0053,0,56383,0.0053,0,0.0,c/module_2/unit/reg[8],d/path/segment/reg_31[3],xclk,a_clk,no change
109,42045,0.0067,0,27217,0.0067,0,0.0,c/module_9/unit/reg[7],d/path/segment/reg_47[10],a_clk,bclk,no change
108,30509,0.0079,0,67691,0.0079,0,0.0,c/module_2/unit/reg[14],d/path/segment/reg_82[6],bclk,a_clk,no change
106,72581,0.0056,0,96127,0.0056,0,0.0,c/module_7/unit/reg[25],d/path/segment/reg_11[15],bclk,bclk,no change
105,42909,0.0074,0,83401,0.0074,0,0.0,c/module_9/unit/reg[22],d/path/segment/reg_60[19],a_clk,a_clk,no change
104,84991,0.0033,0,52893,0.0033,0,0.0,c/module_1/unit/reg[2],d/path/segment/reg_16[17],bclk,a_clk,no change
98,65094,0.005,0,47802,0.005,0,0.0,c/module_4/unit/reg[23],d/path/segment/reg_88[18],a_clk,a_clk,no change
97,21886,0.0087,0,21253,0.0087,0,0.0,c/module_10/unit/reg[28],d/path/segment/reg_62[6],bclk,xclk,no change
96,78617,0.0082,0,52798,0.0082,0,0.0,c/module_9/unit/reg[15],d/path/segment/reg_72[12],a_clk,a_clk,no change
143,73617,0.0039,0,84593,0.0039,0,0.0,c/module_7/unit/reg[16],d/path/segment/reg_84[20],bclk,bclk,no change
144,20776,0.0098,0,75735,0.0098,0,0.0,c/module_7/unit/reg[29],d/path/segment/reg_62[20],xclk,a_clk,no change
145,30547,0.0037,0,95026,0.0037,0,0.0,c/module_6/unit/reg[16],d/path/segment/reg_61[24],bclk,xclk,no change
165,17164,0.0048,0,68377,0.0048,0,0.0,c/module_7/unit/reg[13],d/path/segment/reg_25[27],a_clk,a_clk,no change
182,10676,0.0072,0,36458,0.0072,0,0.0,c/module_1/unit/reg[5],d/path/segment/reg_48[19],bclk,xclk,no change
181,95828,0.0062,0,94665,0.0062,0,0.0,c/module_8/unit/reg[27],d/path/segment/reg_60[15],bclk,a_clk,no change
179,87975,0.0097,0,63780,0.0097,0,0.0,c/module_1/unit/reg[27],d/path/segment/reg_85[18],xclk,a_clk,no change
178,92899,0.0071,0,40145,0.0071,0,0.0,c/module_8/unit/reg[1],d/path/segment/reg_70[13],xclk,a_clk,no change
175,92495,0.0029,0,66462,0.0029,0,0.0,c/module_7/unit/reg[26],d/path/segment/reg_70[14],a_clk,bclk,no change
174,97035,0.0035,0,37971,0.0035,0,0.0,c/module_3/unit/reg[18],d/path/segment/reg_26[28],xclk,bclk,no change
173,31867,0.0024,0,30334,0.0024,0,0.0,c/module_6/unit/reg[26],d/path/segment/reg_3[16],bclk,a_clk,no change
172,29873,0.005,0,63614,0.005,0,0.0,c/module_10/unit/reg[10],d/path/segment/reg_94[4],bclk,bclk,no change
171,96775,0.0013,0,60518,0.0013,0,0.0,c/module_7/unit/reg[9],d/path/segment/reg_69[21],a_clk,a_clk,no change
169,85242,0.0017,0,94877,0.0017,0,0.0,c/module_4/unit/reg[26],d/path/segment/reg_77[26],a_clk,bclk,no change
167,81026,0.0059,0,39132,0.0059,0,0.0,c/module_3/unit/reg[27],d/path/segment/reg_81[27],xclk,a_clk,no change
164,66101,0.0051,0,53068,0.0051,0,0.0,c/module_8/unit/reg[21],d/path/segment/reg_54[17],xclk,xclk,no change
147,40814,0.0024,0,49651,0.0024,0,0.0,c/module_2/unit/reg[28],d/path/segment/reg_40[0],bclk,bclk,no change
162,70863,0.0051,0,98866,0.0051,0,0.0,c/module_9/unit/reg[4],d/path/segment/reg_66[28],xclk,xclk,no change
160,42932,0.0076,0,26776,0.0076,0,0.0,c/module_1/unit/reg[24],d/path/segment/reg_78[21],xclk,xclk,no change
159,60607,0.0048,0,29471,0.0048,0,0.0,c/module_6/unit/reg[2],d/path/segment/reg_98[19],bclk,a_clk,no change
157,17904,0.0042,0,58403,0.0042,0,0.0,c/module_1/unit/reg[0],d/path/segment/reg_42[5],a_clk,xclk,no change
156,95017,0.0091,0,45036,0.0091,0,0.0,c/module_5/unit/reg[23],d/path/segment/reg_33[19],a_clk,bclk,no change
155,31286,0.0025,0,72941,0.0025,0,0.0,c/module_10/unit/reg[7],d/path/segment/reg_98[18],xclk,bclk,no change
154,43081,0.0078,0,18449,0.0078,0,0.0,c/module_8/unit/reg[6],d/path/segment/reg_48[13],bclk,a_clk,no change
153,95255,0.0065,0,35263,0.0065,0,0.0,c/module_1/unit/reg[0],d/path/segment/reg_85[21],bclk,a_clk,no change
151,16101,0.005,0,88648,0.005,0,0.0,c/module_8/unit/reg[28],d/path/segment/reg_69[7],xclk,bclk,no change
149,22389,0.0071,0,61036,0.0071,0,0.0,c/module_3/unit/reg[2],d/path/segment/reg_53[6],xclk,xclk,no change
148,80035,0.0093,0,58554,0.0093,0,0.0,c/module_4/unit/reg[21],d/path/segment/reg_93[29],xclk,a_clk,no change
95,66709,0.0072,0,80498,0.0072,0,0.0,c/module_1/unit/reg[29],d/path/segment/reg_44[11],bclk,xclk,no change
92,74657,0.0089,0,15251,0.0089,0,0.0,c/module_5/unit/reg[29],d/path/segment/reg_80[15],a_clk,xclk,no change
186,61224,0.0027,0,69409,0.0027,0,0.0,c/module_9/unit/reg[9],d/path/segment/reg_57[27],xclk,xclk,no change
91,24065,0.0083,0,95847,0.0083,0,0.0,c/module_7/unit/reg[30],d/path/segment/reg_43[27],bclk,a_clk,no change
47,30569,0.0067,0,60484,0.0067,0,0.0,c/module_7/unit/reg[23],d/path/segment/reg_49[17],a_clk,bclk,no change
46,93669,0.0014,0,97895,0.0014,0,0.0,c/module_10/unit/reg[13],d/path/segment/reg_14[31],bclk,bclk,no change
45,97321,0.003,0,12046,0.003,0,0.0,c/module_7/unit/reg[13],d/path/segment/reg_95[5],a_clk,xclk,no change
44,99871,0.002,0,15808,0.002,0,0.0,c/module_4/unit/reg[18],d/path/segment/reg_27[5],a_clk,xclk,no change
40,55152,0.0028,0,35190,0.0028,0,0.0,c/module_9/unit/reg[25],d/path/segment/reg_29[0],xclk,xclk,no change
38,15304,0.0079,0,33989,0.0079,0,0.0,c/module_9/unit/reg[0],d/path/segment/reg_83[27],bclk,bclk,no change
35,85552,0.0025,0,92863,0.0025,0,0.0,c/module_7/unit/reg[13],d/path/segment/reg_46[13],a_clk,bclk,no change
32,24719,0.0027,0,39706,0.0027,0,0.0,c/module_7/unit/reg[28],d/path/segment/reg_10[8],a_clk,xclk,no change
30,13957,0.0044,0,42000,0.0044,0,0.0,c/module_7/unit/reg[31],d/path/segment/reg_41[26],bclk,a_clk,no change
28,47453,0.001,0,15061,0.001,0,0.0,c/module_10/unit/reg[7],d/path/segment/reg_84[25],xclk,xclk,no change
27,20958,0.0074,0,90861,0.0074,0,0.0,c/module_5/unit/reg[14],d/path/segment/reg_48[18],xclk,bclk,no change
26,92289,0.0048,0,35429,0.0048,0,0.0,c/module_4/unit/reg[15],d/path/segment/reg_68[14],xclk,xclk,no change
25,30258,0.0019,0,28799,0.0019,0,0.0,c/module_7/unit/reg[20],d/path/segment/reg_96[8],a_clk,a_clk,no change
24,92810,0.0026,0,64258,0.0026,0,0.0,c/module_3/unit/reg[4],d/path/segment/reg_79[13],a_clk,a_clk,no change
22,29228,0.0086,0,25634,0.0086,0,0.0,c/module_1/unit/reg[6],d/path/segment/reg_15[22],bclk,xclk,no change
19,37663,0.0084,0,73335,0.0084,0,0.0,c/module_6/unit/reg[1],d/path/segment/reg_8[25],a_clk,a_clk,no change
18,31499,0.0048,0,23649,0.0048,0,0.0,c/module_2/unit/reg[3],d/path/segment/reg_25[30],bclk,xclk,no change
17,14439,0.0091,0,73802,0.0091,0,0.0,c/module_9/unit/reg[26],d/path/segment/reg_11[24],bclk,xclk,no change
13,43802,0.0029,0,13008,0.0029,0,0.0,c/module_9/unit/reg[27],d/path/segment/reg_32[9],bclk,xclk,no change
12,12214,0.0063,0,23064,0.0063,0,0.0,c/module_9/unit/reg[24],d/path/segment/reg_19[7],bclk,xclk,no change
11,35565,0.0051,0,74332,0.0051,0,0.0,c/module_6/unit/reg[27],d/path/segment/reg_55[8],xclk,xclk,no change
9,98385,0.0065,0,57978,0.0065,0,0.0,c/module_8/unit/reg[28],d/path/segment/reg_91[23],a_clk,bclk,no change
8,60107,0.0027,0,21568,0.0027,0,0.0,c/module_5/unit/reg[1],d/path/segment/reg_80[0],a_clk,xclk,no change
4,15701,0.0073,0,88163,0.0073,0,0.0,c/module_1/unit/reg[2],d/path/segment/reg_72[10],bclk,a_clk,no change
3,91934,0.0029,0,74891,0.0029,0,0.0,c/module_1/unit/reg[20],d/path/segment/reg_36[11],xclk,xclk,no change
48,44346,0.0034,0,94343,0.0034,0,0.0,c/module_5/unit/reg[9],d/path/segment/reg_42[7],bclk,xclk,no change
51,94747,0.0034,0,67018,0.0034,0,0.0,c/module_9/unit/reg[28],d/path/segment/reg_20[3],a_clk,bclk,no change
56,16516,0.0096,0,91366,0.0096,0,0.0,c/module_6/unit/reg[12],d/path/segment/reg_38[27],a_clk,xclk,no change
75,16645,0.0023,0,68640,0.0023,0,0.0,c/module_1/unit/reg[30],d/path/segment/reg_59[9],bclk,bclk,no change
90,24062,0.0066,0,17036,0.0066,0,0.0,c/module_10/unit/reg[31],d/path/segment/reg_23[0],xclk,bclk,no change
89,20887,0.0026,0,21464,0.0026,0,0.0,c/module_2/unit/reg[9],d/path/segment/reg_3[24],a_clk,xclk,no change
88,78260,0.0036,0,77804,0.0036,0,0.0,c/module_6/unit/reg[30],d/path/segment/reg_4[0],xclk,a_clk,no change
87,74745,0.0074,0,88030,0.0074,0,0.0,c/module_8/unit/reg[28],d/path/segment/reg_13[28],xclk,bclk,no change
84,29728,0.0015,0,87495,0.0015,0,0.0,c/module_6/unit/reg[26],d/path/segment/reg_68[17],xclk,xclk,no change
83,59136,0.0037,0,44535,0.0037,0,0.0,c/module_5/unit/reg[16],d/path/segment/reg_82[2],bclk,xclk,no change
82,36779,0.0052,0,85546,0.0052,0,0.0,c/module_4/unit/reg[28],d/path/segment/reg_37[0],a_clk,xclk,no change
81,18149,0.0018,0,15918,0.0018,0,0.0,c/module_6/unit/reg[3],d/path/segment/reg_25[7],bclk,xclk,no change
78,28629,0.0015,0,10934,0.0015,0,0.0,c/module_7/unit/reg[5],d/path/segment/reg_10[15],bclk,xclk,no change
77,33670,0.0067,0,65810,0.0067,0,0.0,c/module_5/unit/reg[17],d/path/segment/reg_4[11],xclk,a_clk,no change
76,24562,0.0056,0,49423,0.0056,0,0.0,c/module_9/unit/reg[13],d/path/segment/reg_18[24],a_clk,xclk,no change
74,85660,0.0034,0,49054,0.0034,0,0.0,c/module_5/unit/reg[4],d/path/segment/reg_43[25],bclk,xclk,no change
59,51020,0.0034,0,74227,0.0034,0,0.0,c/module_3/unit/reg[10],d/path/segment/reg_39[8],a_clk,bclk,no change
72,42701,0.0044,0,59603,0.0044,0,0.0,c/module_2/unit/reg[24],d/path/segment/reg_98[21],bclk,a_clk,no change
71,30780,0.001,0,34664,0.001,0,0.0,c/module_7/unit/reg[20],d/path/segment/reg_46[9],xclk,xclk,no change
70,88101,0.0012,0,98793,0.0012,0,0.0,c/module_6/unit/reg[23],d/path/segment/reg_95[8],bclk,a_clk,no change
69,78211,0.0093,0,99609,0.0093,0,0.0,c/module_7/unit/reg[28],d/path/segment/reg_76[2],a_clk,bclk,no change
67,12585,0.0029,0,11258,0.0029,0,0.0,c/module_4/unit/reg[12],d/path/segment/reg_3[9],bclk,bclk,no change
66,23986,0.0059,0,65174,0.0059,0,0.0,c/module_2/unit/reg[20],d/path/segment/reg_98[22],bclk,xclk,no change
64,13017,0.0052,0,44391,0.0052,0,0.0,c/module_9/unit/reg[3],d/path/segment/reg_62[26],a_clk,xclk,no change
63,92856,0.0052,0,10715,0.0052,0,0.0,c/module_1/unit/reg[6],d/path/segment/reg_76[29],a_clk,xclk,no change
62,68131,0.0039,0,65083,0.0039,0,0.0,c/module_2/unit/reg[17],d/path/segment/reg_23[7],xclk,a_clk,no change
61,88921,0.0017,0,36414,0.0017,0,0.0,c/module_3/unit/reg[25],d/path/segment/reg_59[8],a_clk,a_clk,no change
60,54427,0.0087,0,87107,0.0087,0,0.0,c/module_3/unit/reg[27],d/path/segment/reg_20[23],bclk,bclk,no change
184,93346,0.0014,0,12290,0.0014,0,0.0,c/module_6/unit/reg[20],d/path/segment/reg_65[18],xclk,xclk,no change
188,53528,0.0037,0,35130,0.0037,0,0.0,c/module_5/unit/reg[8],d/path/segment/reg_87[24],bclk,a_clk,no change
368,38594,0.0086,0,71547,0.0086,0,0.0,c/module_1/unit/reg[29],d/path/segment/reg_92[27],a_clk,a_clk,no change
282,56958,0.006,0,69591,0.006,0,0.0,c/module_7/unit/reg[1],d/path/segment/reg_38[9],a_clk,xclk,no change
319,37905,0.0059,0,50716,0.0059,0,0.0,c/module_4/unit/reg[14],d/path/segment/reg_68[31],a_clk,bclk,no change
318,92482,0.0071,0,66649,0.0071,0,0.0,c/module_4/unit/reg[22],d/path/segment/reg_41[6],bclk,a_clk,no change
316,92211,0.0088,0,24479,0.0088,0,0.0,c/module_5/unit/reg[5],d/path/segment/reg_13[5],a_clk,a_clk,no change
315,25120,0.0031,0,99034,0.0031,0,0.0,c/module_6/unit/reg[4],d/path/segment/reg_8[25],bclk,bclk,no change
314,36395,0.0043,0,68186,0.0043,0,0.0,c/module_2/unit/reg[25],d/path/segment/reg_22[10],bclk,bclk,no change
313,85304,0.0026,0,44763,0.0026,0,0.0,c/module_1/unit/reg[25],d/path/segment/reg_54[6],bclk,a_clk,no change
312,69128,0.006,0,49123,0.006,0,0.0,c/module_5/unit/reg[30],d/path/segment/reg_95[4],bclk,xclk,no change
311,90222,0.0031,0,70021,0.0031,0,0.0,c/module_3/unit/reg[15],d/path/segment/reg_85[6],a_clk,a_clk,no change
310,59227,0.0094,0,45621,0.0094,0,0.0,c/module_2/unit/reg[29],d/path/segment/reg_26[14],a_clk,xclk,no change
309,11817,0.005,0,72811,0.005,0,0.0,c/module_8/unit/reg[24],d/path/segment/reg_58[15],bclk,bclk,no change
306,57076,0.0065,0,63366,0.0065,0,0.0,c/module_5/unit/reg[29],d/path/segment/reg_0[13],xclk,bclk,no change
305,84138,0.0038,0,63972,0.0038,0,0.0,c/module_4/unit/reg[24],d/path/segment/reg_10[23],xclk,xclk,no change
304,98796,0.003,0,33946,0.003,0,0.0,c/module_6/unit/reg[18],d/path/segment/reg_29[5],xclk,xclk,no change
303,57816,0.0045,0,45900,0.0045,0,0.0,c/module_2/unit/reg[21],d/path/segment/reg_33[20],a_clk,a_clk,no change
302,98650,0.0096,0,76323,0.0096,0,0.0,c/module_2/unit/reg[18],d/path/segment/reg_38[3],a_clk,a_clk,no change
301,86921,0.0072,0,25960,0.0072,0,0.0,c/module_9/unit/reg[29],d/path/segment/reg_13[11],xclk,a_clk,no change
299,42333,0.0023,0,83178,0.0023,0,0.0,c/module_3/unit/reg[16],d/path/segment/reg_25[9],xclk,a_clk,no change
298,19159,0.005,0,21876,0.005,0,0.0,c/module_8/unit/reg[16],d/path/segment/reg_38[20],bclk,a_clk,no change
297,50487,0.007,0,14896,0.007,0,0.0,c/module_3/unit/reg[29],d/path/segment/reg_56[18],a_clk,xclk,no change
294,16900,0.0051,0,19236,0.0051,0,0.0,c/module_9/unit/reg[23],d/path/segment/reg_83[23],a_clk,a_clk,no change
293,82048,0.0084,0,88526,0.0084,0,0.0,c/module_7/unit/reg[0],d/path/segment/reg_16[13],xclk,bclk,no change
292,66016,0.0036,0,54091,0.0036,0,0.0,c/module_8/unit/reg[15],d/path/segment/reg_5[30],bclk,xclk,no change
290,51561,0.0056,0,77787,0.0056,0,0.0,c/module_8/unit/reg[31],d/path/segment/reg_64[0],xclk,a_clk,no change
288,41726,0.0049,0,12127,0.0049,0,0.0,c/module_8/unit/reg[12],d/path/segment/reg_94[21],a_clk,a_clk,no change
286,44223,0.0016,0,69438,0.0016,0,0.0,c/module_5/unit/reg[23],d/path/segment/reg_59[14],xclk,bclk,no change
321,36636,0.0058,0,91989,0.0058,0,0.0,c/module_3/unit/reg[15],d/path/segment/reg_90[6],xclk,a_clk,no change
324,77459,0.0043,0,21430,0.0043,0,0.0,c/module_9/unit/reg[28],d/path/segment/reg_75[24],xclk,a_clk,no change
326,51779,0.0071,0,99227,0.0071,0,0.0,c/module_4/unit/reg[26],d/path/segment/reg_99[9],bclk,xclk,no change
348,43085,0.0018,0,26986,0.0018,0,0.0,c/module_8/unit/reg[3],d/path/segment/reg_29[1],xclk,xclk,no change
367,87290,0.0053,0,30519,0.0053,0,0.0,c/module_9/unit/reg[8],d/path/segment/reg_11[12],xclk,bclk,no change
366,58531,0.0059,0,78853,0.0059,0,0.0,c/module_1/unit/reg[8],d/path/segment/reg_77[6],xclk,xclk,no change
365,40753,0.0037,0,52617,0.0037,0,0.0,c/module_1/unit/reg[0],d/path/segment/reg_25[28],bclk,a_clk,no change
364,74772,0.0098,0,29689,0.0098,0,0.0,c/module_3/unit/reg[28],d/path/segment/reg_85[9],xclk,xclk,no change
363,91454,0.0057,0,79041,0.0057,0,0.0,c/module_9/unit/reg[10],d/path/segment/reg_65[31],a_clk,a_clk,no change
362,35330,0.0098,0,84203,0.0098,0,0.0,c/module_9/unit/reg[6],d/path/segment/reg_84[21],a_clk,a_clk,no change
361,87559,0.0065,0,98120,0.0065,0,0.0,c/module_5/unit/reg[21],d/path/segment/reg_60[5],bclk,a_clk,no change
360,68529,0.0063,0,34610,0.0063,0,0.0,c/module_2/unit/reg[26],d/path/segment/reg_51[20],xclk,a_clk,no change
357,81415,0.0062,0,49955,0.0062,0,0.0,c/module_8/unit/reg[26],d/path/segment/reg_38[3],bclk,a_clk,no change
354,36569,0.0088,0,45160,0.0088,0,0.0,c/module_10/unit/reg[27],d/path/segment/reg_35[20],bclk,xclk,no change
349,58201,0.0056,0,36728,0.0056,0,0.0,c/module_3/unit/reg[17],d/path/segment/reg_46[2],bclk,a_clk,no change
346,67444,0.0046,0,19013,0.0046,0,0.0,c/module_10/unit/reg[7],d/path/segment/reg_27[8],a_clk,bclk,no change
328,41835,0.0037,0,42665,0.0037,0,0.0,c/module_3/unit/reg[23],d/path/segment/reg_45[4],bclk,a_clk,no change
345,45517,0.0066,0,83863,0.0066,0,0.0,c/module_5/unit/reg[27],d/path/segment/reg_95[7],a_clk,a_clk,no change
344,18651,0.0054,0,37728,0.0054,0,0.0,c/module_3/unit/reg[22],d/path/segment/reg_90[8],xclk,xclk,no change
343,87089,0.0073,0,16053,0.0073,0,0.0,c/module_3/unit/reg[12],d/path/segment/reg_93[29],bclk,bclk,no change
342,46382,0.0014,0,26948,0.0014,0,0.0,c/module_2/unit/reg[18],d/path/segment/reg_85[8],a_clk,a_clk,no change
341,61604,0.0016,0,44089,0.0016,0,0.0,c/module_3/unit/reg[6],d/path/segment/reg_43[0],xclk,a_clk,no change
340,75306,0.0063,0,77835,0.0063,0,0.0,c/module_6/unit/reg[4],d/path/segment/reg_79[24],bclk,bclk,no change
339,97261,0.0082,0,86769,0.0082,0,0.0,c/module_5/unit/reg[29],d/path/segment/reg_55[14],a_clk,bclk,no change
338,68428,0.0091,0,93330,0.0091,0,0.0,c/module_3/unit/reg[18],d/path/segment/reg_54[9],a_clk,bclk,no change
336,50921,0.0097,0,65465,0.0097,0,0.0,c/module_10/unit/reg[22],d/path/segment/reg_21[30],a_clk,xclk,no change
334,97553,0.0085,0,85117,0.0085,0,0.0,c/module_2/unit/reg[24],d/path/segment/reg_78[25],bclk,bclk,no change
333,86780,0.0051,0,18007,0.0051,0,0.0,c/module_3/unit/reg[29],d/path/segment/reg_22[4],xclk,bclk,no change
283,23264,0.0071,0,92154,0.0071,0,0.0,c/module_5/unit/reg[20],d/path/segment/reg_67[29],xclk,xclk,no change
281,11615,0.0011,0,55182,0.0011,0,0.0,c/module_6/unit/reg[20],d/path/segment/reg_9[16],bclk,a_clk,no change
189,66470,0.0082,0,10055,0.0082,0,0.0,c/module_6/unit/reg[19],d/path/segment/reg_57[27],a_clk,xclk,no change
280,73206,0.0096,0,23115,0.0096,0,0.0,c/module_8/unit/reg[0],d/path/segment/reg_68[7],bclk,a_clk,no change
236,90662,0.002,0,86689,0.002,0,0.0,c/module_2/unit/reg[20],d/path/segment/reg_88[6],xclk,bclk,no change
234,73679,0.0059,0,79535,0.0059,0,0.0,c/module_3/unit/reg[27],d/path/segment/reg_33[20],a_clk,bclk,no change
233,75737,0.002,0,59825,0.002,0,0.0,c/module_10/unit/reg[23],d/path/segment/reg_94[11],xclk,a_clk,no change
230,47761,0.0033,0,39922,0.0033,0,0.0,c/module_10/unit/reg[15],d/path/segment/reg_94[2],a_clk,a_clk,no change
228,48076,0.0099,0,48492,0.0099,0,0.0,c/module_9/unit/reg[29],d/path/segment/reg_52[19],bclk,xclk,no change
227,82683,0.0057,0,46320,0.0057,0,0.0,c/module_4/unit/reg[27],d/path/segment/reg_26[14],bclk,a_clk,no change
226,77803,0.0082,0,26111,0.0082,0,0.0,c/module_5/unit/reg[8],d/path/segment/reg_96[9],bclk,a_clk,no change
225,27088,0.0073,0,96318,0.0073,0,0.0,c/module_8/unit/reg[12],d/path/segment/reg_30[3],xclk,bclk,no change
222,15143,0.0067,0,36372,0.0067,0,0.0,c/module_3/unit/reg[16],d/path/segment/reg_38[28],a_clk,a_clk,no change
221,28778,0.0053,0,51868,0.0053,0,0.0,c/module_1/unit/reg[28],d/path/segment/reg_1[16],bclk,a_clk,no change
217,29004,0.0061,0,83121,0.0061,0,0.0,c/module_6/unit/reg[21],d/path/segment/reg_92[16],a_clk,a_clk,no change
215,36240,0.0058,0,41634,0.0058,0,0.0,c/module_10/unit/reg[5],d/path/segment/reg_61[15],a_clk,a_clk,no change
213,41069,0.0084,0,26909,0.0084,0,0.0,c/module_9/unit/reg[30],d/path/segment/reg_63[31],a_clk,a_clk,no change
212,41953,0.0082,0,12035,0.0082,0,0.0,c/module_5/unit/reg[4],d/path/segment/reg_83[10],xclk,a_clk,no change
211,32110,0.0083,0,78103,0.0083,0,0.0,c/module_1/unit/reg[20],d/path/segment/reg_38[13],bclk,xclk,no change
209,95172,0.004,0,48930,0.004,0,0.0,c/module_7/unit/reg[29],d/path/segment/reg_2[22],bclk,xclk,no change
205,91188,0.0055,0,53324,0.0055,0,0.0,c/module_2/unit/reg[4],d/path/segment/reg_89[22],bclk,a_clk,no change
204,48824,0.0033,0,68506,0.0033,0,0.0,c/module_1/unit/reg[16],d/path/segment/reg_43[30],a_clk,a_clk,no change
202,41756,0.0022,0,56888,0.0022,0,0.0,c/module_9/unit/reg[8],d/path/segment/reg_39[6],a_clk,a_clk,no change
201,65978,0.0089,0,17182,0.0089,0,0.0,c/module_9/unit/reg[26],d/path/segment/reg_40[31],a_clk,bclk,no change
198,17221,0.0095,0,16322,0.0095,0,0.0,c/module_5/unit/reg[1],d/path/segment/reg_30[30],xclk,a_clk,no change
196,32001,0.0094,0,79219,0.0094,0,0.0,c/module_10/unit/reg[3],d/path/segment/reg_20[22],a_clk,a_clk,no change
194,15116,0.0014,0,17118,0.0014,0,0.0,c/module_9/unit/reg[22],d/path/segment/reg_38[15],bclk,xclk,no change
193,58066,0.0085,0,95960,0.0085,0,0.0,c/module_7/unit/reg[28],d/path/segment/reg_20[20],xclk,xclk,no change
192,86599,0.0083,0,95496,0.0083,0,0.0,c/module_10/unit/reg[23],d/path/segment/reg_50[3],bclk,a_clk,no change
238,88256,0.0043,0,11119,0.0043,0,0.0,c/module_3/unit/reg[9],d/path/segment/reg_11[29],a_clk,xclk,no change
239,27472,0.0032,0,73871,0.0032,0,0.0,c/module_6/unit/reg[10],d/path/segment/reg_51[27],xclk,bclk,no change
240,74875,0.0038,0,27456,0.0038,0,0.0,c/module_4/unit/reg[14],d/path/segment/reg_57[27],bclk,a_clk,no change
262,12039,0.0063,0,51170,0.0063,0,0.0,c/module_5/unit/reg[20],d/path/segment/reg_35[5],a_clk,a_clk,no change
279,71666,0.0021,0,28082,0.0021,0,0.0,c/module_5/unit/reg[22],d/path/segment/reg_27[27],a_clk,bclk,no change
278,15612,0.0068,0,40031,0.0068,0,0.0,c/module_5/unit/reg[31],d/path/segment/reg_89[31],xclk,a_clk,no change
277,95768,0.0086,0,78965,0.0086,0,0.0,c/module_9/unit/reg[3],d/path/segment/reg_94[10],bclk,a_clk,no change
276,24046,0.0089,0,58759,0.0089,0,0.0,c/module_10/unit/reg[11],d/path/segment/reg_23[12],bclk,a_clk,no change
275,37653,0.0067,0,78261,0.0067,0,0.0,c/module_6/unit/reg[26],d/path/segment/reg_11[13],bclk,bclk,no change
272,16323,0.0072,0,77605,0.0072,0,0.0,c/module_10/unit/reg[2],d/path/segment/reg_3[21],xclk,xclk,no change
271,37032,0.0017,0,17752,0.0017,0,0.0,c/module_1/unit/reg[31],d/path/segment/reg_65[2],xclk,bclk,no change
270,87821,0.0044,0,84144,0.0044,0,0.0,c/module_2/unit/reg[28],d/path/segment/reg_55[28],xclk,bclk,no change
268,77407,0.0021,0,48961,0.0021,0,0.0,c/module_7/unit/reg[29],d/path/segment/reg_95[2],a_clk,a_clk,no change
264,39791,0.0036,0,76430,0.0036,0,0.0,c/module_8/unit/reg[5],d/path/segment/reg_73[6],a_clk,a_clk,no change
263,60542,0.0054,0,66558,0.0054,0,0.0,c/module_9/unit/reg[4],d/path/segment/reg_21[13],bclk,bclk,no change
260,69361,0.0098,0,97498,0.0098,0,0.0,c/module_1/unit/reg[26],d/path/segment/reg_64[10],a_clk,bclk,no change
242,19703,0.0057,0,40675,0.0057,0,0.0,c/module_9/unit/reg[27],d/path/segment/reg_42[2],bclk,a_clk,no change
259,85469,0.0047,0,21143,0.0047,0,0.0,c/module_9/unit/reg[4],d/path/segment/reg_50[16],a_clk,bclk,no change
258,99453,0.0015,0,75025,0.0015,0,0.0,c/module_5/unit/reg[15],d/path/segment/reg_76[11],a_clk,xclk,no change
256,32272,0.0036,0,35751,0.0036,0,0.0,c/module_2/unit/reg[28],d/path/segment/reg_3[15],bclk,a_clk,no change
255,79767,0.005,0,16654,0.005,0,0.0,c/module_6/unit/reg[29],d/path/segment/reg_45[26],bclk,a_clk,no change
254,88686,0.0041,0,26679,0.0041,0,0.0,c/module_5/unit/reg[16],d/path/segment/reg_77[9],a_clk,bclk,no change
252,69156,0.0032,0,83525,0.0032,0,0.0,c/module_10/unit/reg[3],d/path/segment/reg_52[28],a_clk,a_clk,no change
250,42989,0.0029,0,47168,0.0029,0,0.0,c/module_6/unit/reg[13],d/path/segment/reg_58[21],xclk,a_clk,no change
247,38632,0.002,0,74937,0.002,0,0.0,c/module_3/unit/reg[23],d/path/segment/reg_42[3],xclk,bclk,no change
246,69348,0.0086,0,24012,0.0086,0,0.0,c/module_1/unit/reg[31],d/path/segment/reg_29[26],a_clk,a_clk,no change
245,44727,0.0045,0,55410,0.0045,0,0.0,c/module_6/unit/reg[26],d/path/segment/reg_71[29],xclk,bclk,no change
244,64612,0.0028,0,49123,0.0028,0,0.0,c/module_6/unit/reg[30],d/path/segment/reg_86[29],xclk,bclk,no change
599,19137,0.0065,0,65164,0.0065,0,0.0,c/module_8/unit/reg[16],d/path/segment/reg_8[11],a_clk,a_clk,no change
